{
    "addontype": "elementor",
    "cattitle": "Carousel Widgets",
    "name": "kwins_copyright_elementor",
    "alias": "kwins_copyright",
    "title": "Kwins Copyright",
    "description": "",
    "config": {
        "options": {
            "enable_items": "false",
            "items_section_title": "",
            "items_section_heading": "",
            "items_title_field": "",
            "path_assets": "",
            "js_as_module": false,
            "addon_icon": "eicon-alert",
            "dynamic_addon": "false",
            "dynamic_post_enable_customfields": "false",
            "dynamic_post_enable_category": "false",
            "description": "",
            "link_resource": "",
            "link_preview": "",
            "show_small_icon": "true",
            "preview_size_unite_selected_text": "Full Size",
            "preview_size": "full",
            "preview_custom_width": "",
            "preview_bgcol": "#ffffff",
            "special": "",
            "special_data": ""
        },
        "params": [
            {
                "type": "uc_dropdown",
                "title": "\u0413\u0435\u043e\u0433\u0440\u0430\u0444\u0438\u044f \u0441\u0430\u0439\u0442\u0430",
                "name": "geography",
                "description": "",
                "enable_condition": false,
                "condition_attribute": null,
                "condition_operator": "equal",
                "condition_value": [],
                "condition_attribute2": null,
                "condition_operator2": "equal",
                "condition_value2": null,
                "label_block": false,
                "tabname": "",
                "options": {
                    "\u0421\u0430\u0440\u0430\u0442\u043e\u0432": "https:\/\/kwins.ru\/zakazat-sait?utm_source=sarafan&utm_medium=ssilkassaita&utm_campaign=",
                    "\u041d\u0435 \u0421\u0430\u0440\u0430\u0442\u043e\u0432": "https:\/\/kwins.ru\/russia-razrabotka-saita?utm_source=sarafan&utm_medium=ssilkassaita&utm_campaign="
                },
                "default_value": "https:\/\/kwins.ru\/zakazat-sait?utm_source=sarafan&utm_medium=ssilkassaita&utm_campaign=",
                "selector": "",
                "selector_value": "",
                "show_more_selectors": false,
                "selector2": "",
                "selector2_value": "",
                "selector3": "",
                "selector3_value": "",
                "is_responsive": false,
                "default_value_tablet": "",
                "default_value_mobile": "",
                "php_filter_name": "",
                "__attr_catid__": "cat_general_general"
            },
            {
                "type": "uc_textfield",
                "title": "UTM",
                "name": "utm",
                "description": "",
                "enable_condition": false,
                "condition_attribute": "",
                "condition_operator": "equal",
                "condition_value": [],
                "condition_attribute2": "",
                "condition_operator2": "equal",
                "condition_value2": null,
                "label_block": false,
                "tabname": "",
                "default_value": "",
                "font_editable": false,
                "placeholder": "\u0410\u0434\u0440\u0435\u0441 \u0441\u0430\u0439\u0442\u0430",
                "disable_dynamic": false,
                "__attr_catid__": "cat_general_general"
            },
            {
                "type": "uc_colorpicker",
                "title": "\u0426\u0432\u0435\u0442 \u0438\u043a\u043e\u043d\u043a\u0438",
                "name": "kwins_icon_color",
                "description": "",
                "enable_condition": false,
                "condition_attribute": "",
                "condition_operator": "equal",
                "condition_value": [],
                "condition_attribute2": "",
                "condition_operator2": "equal",
                "condition_value2": null,
                "label_block": false,
                "tabname": "Normal",
                "default_value": "#787878",
                "selector": "",
                "selector_value": "",
                "show_more_selectors": false,
                "selector2": "",
                "selector2_value": "",
                "selector3": "",
                "selector3_value": "",
                "__attr_catid__": "cat_style_a7lep0hr"
            },
            {
                "type": "uc_colorpicker",
                "title": "\u0426\u0432\u0435\u0442 \u0438\u043a\u043e\u043d\u043a\u0438",
                "name": "kwins_icon_color_hover",
                "description": "",
                "enable_condition": false,
                "condition_attribute": "",
                "condition_operator": "equal",
                "condition_value": [],
                "condition_attribute2": "",
                "condition_operator2": "equal",
                "condition_value2": null,
                "label_block": false,
                "tabname": "Hover",
                "default_value": "#38b327",
                "selector": "",
                "selector_value": "",
                "show_more_selectors": false,
                "selector2": "",
                "selector2_value": "",
                "selector3": "",
                "selector3_value": "",
                "__attr_catid__": "cat_style_a7lep0hr"
            },
            {
                "type": "uc_textfield",
                "title": "\u0422\u0435\u043a\u0441\u0442",
                "name": "kwins_text",
                "description": "",
                "enable_condition": false,
                "condition_attribute": "",
                "condition_operator": "equal",
                "condition_value": [],
                "condition_attribute2": "",
                "condition_operator2": "equal",
                "condition_value2": null,
                "label_block": false,
                "tabname": "",
                "default_value": "\u0421\u0434\u0435\u043b\u0430\u043d\u043e \u0432 ",
                "font_editable": true,
                "placeholder": "",
                "disable_dynamic": false,
                "__attr_catid__": "cat_general_general"
            }
        ],
        "params_items": [
            {
                "type": "uc_textfield",
                "title": "Title",
                "name": "title",
                "description": "",
                "default_value": "",
                "limited_edit": true
            }
        ],
        "includes": {
            "js": [],
            "jslib": [],
            "css": []
        },
        "variables_item": [],
        "variables_main": [],
        "params_cats": [
            {
                "id": "cat_general_general",
                "title": "General",
                "tab": "content"
            },
            {
                "enable_condition": false,
                "condition_attribute": "",
                "condition_operator": "equal",
                "condition_value": [],
                "condition_attribute2": "",
                "condition_operator2": "equal",
                "condition_value2": null,
                "id": "cat_style_a7lep0hr",
                "title": "\u0426\u0432\u0435\u0442 \u0438\u043a\u043e\u043d\u043a\u0438",
                "tab": "style"
            }
        ]
    },
    "templates": [
        "html",
        "css"
    ]
}