{
    "addontype": "elementor",
    "cattitle": "Creative Widgets",
    "name": "kwins_privacy_policy_elementor",
    "alias": "kwins_privacy_policy",
    "title": "Kwins Privacy Policy",
    "description": "",
    "config": {
        "options": {
            "enable_items": "false",
            "items_section_title": "",
            "items_section_heading": "",
            "items_title_field": "",
            "path_assets": "",
            "js_as_module": false,
            "addon_icon": "eicon-lock-user",
            "dynamic_addon": "false",
            "dynamic_post_enable_customfields": "false",
            "dynamic_post_enable_category": "false",
            "description": "",
            "link_resource": "",
            "link_preview": "",
            "show_small_icon": "true",
            "preview_size_unite_selected_text": "Full Size",
            "preview_size": "full",
            "preview_custom_width": "",
            "preview_bgcol": "#ffffff",
            "special": "",
            "special_data": ""
        },
        "params": [
            {
                "type": "uc_textfield",
                "title": "\u041d\u0430\u0437\u0432\u0430\u043d\u0438\u0435 \u0441\u0430\u0439\u0442\u0430",
                "name": "kwins_privacy_sitename",
                "description": "",
                "enable_condition": false,
                "condition_attribute": null,
                "condition_operator": "equal",
                "condition_value": [],
                "condition_attribute2": null,
                "condition_operator2": "equal",
                "condition_value2": null,
                "label_block": false,
                "tabname": "",
                "default_value": "",
                "font_editable": false,
                "placeholder": "\u041d\u0430\u0437\u0432\u0430\u043d\u0438\u0435 \u0441\u0430\u0439\u0442\u0430",
                "disable_dynamic": false,
                "__attr_catid__": "cat_general_general"
            },
            {
                "type": "uc_textfield",
                "title": "\u0413\u043e\u0440\u043e\u0434",
                "name": "kwins_privacy_city",
                "description": "",
                "enable_condition": false,
                "condition_attribute": null,
                "condition_operator": "equal",
                "condition_value": [],
                "condition_attribute2": null,
                "condition_operator2": "equal",
                "condition_value2": null,
                "label_block": false,
                "tabname": "",
                "default_value": "\u0421\u0430\u0440\u0430\u0442\u043e\u0432",
                "font_editable": false,
                "placeholder": "\u0421\u0430\u0440\u0430\u0442\u043e\u0432",
                "disable_dynamic": false,
                "__attr_catid__": "cat_general_general"
            },
            {
                "type": "uc_textfield",
                "title": "Email",
                "name": "kwins_privacy_email",
                "description": "",
                "enable_condition": false,
                "condition_attribute": null,
                "condition_operator": "equal",
                "condition_value": [],
                "condition_attribute2": null,
                "condition_operator2": "equal",
                "condition_value2": null,
                "label_block": false,
                "tabname": "",
                "default_value": "email@site.ru",
                "font_editable": false,
                "placeholder": "",
                "disable_dynamic": false,
                "__attr_catid__": "cat_general_general"
            },
            {
                "type": "uc_datetime",
                "title": "\u0414\u0430\u0442\u0430",
                "name": "kwins_privacy_date",
                "description": "",
                "enable_condition": false,
                "condition_attribute": null,
                "condition_operator": "equal",
                "condition_value": [],
                "condition_attribute2": null,
                "condition_operator2": "equal",
                "condition_value2": null,
                "label_block": false,
                "tabname": "",
                "default": "dd.mm.YYYY",
                "show_time_picker": false,
                "__attr_catid__": "cat_general_general"
            },
            {
                "type": "uc_typography",
                "title": "\u0417\u0430\u0433\u043e\u043b\u043e\u0432\u043e\u043a \u0441\u0442\u0440\u0430\u043d\u0438\u0446\u044b",
                "name": "kwins_privacy_h1",
                "description": "",
                "enable_condition": false,
                "condition_attribute": null,
                "condition_operator": "equal",
                "condition_value": [],
                "condition_attribute2": null,
                "condition_operator2": "equal",
                "condition_value2": null,
                "label_block": false,
                "tabname": "",
                "selector1": "h1",
                "selector2": "",
                "selector3": "",
                "__attr_catid__": "cat_style_s47cqrum"
            },
            {
                "type": "uc_typography",
                "title": "\u0417\u0430\u0433\u043e\u043b\u043e\u0432\u043a\u0438 \u0440\u0430\u0437\u0434\u0435\u043b\u043e\u0432",
                "name": "kwins_privacy_h2",
                "description": "",
                "enable_condition": false,
                "condition_attribute": null,
                "condition_operator": "equal",
                "condition_value": [],
                "condition_attribute2": null,
                "condition_operator2": "equal",
                "condition_value2": null,
                "label_block": false,
                "tabname": "",
                "selector1": "h2",
                "selector2": "",
                "selector3": "",
                "__attr_catid__": "cat_style_s47cqrum"
            },
            {
                "type": "uc_typography",
                "title": "\u0422\u0435\u043a\u0441\u0442",
                "name": "kwins_privacy_p",
                "description": "",
                "enable_condition": false,
                "condition_attribute": null,
                "condition_operator": "equal",
                "condition_value": [],
                "condition_attribute2": null,
                "condition_operator2": "equal",
                "condition_value2": null,
                "label_block": false,
                "tabname": "",
                "selector1": "p",
                "selector2": "",
                "selector3": "",
                "__attr_catid__": "cat_style_s47cqrum"
            },
            {
                "type": "uc_colorpicker",
                "title": "\u0417\u0430\u0433\u043e\u043b\u043e\u0432\u043e\u043a \u0441\u0442\u0440\u0430\u043d\u0438\u0446\u044b",
                "name": "kwins_privacy_h1_color",
                "description": "",
                "enable_condition": false,
                "condition_attribute": null,
                "condition_operator": "equal",
                "condition_value": [],
                "condition_attribute2": null,
                "condition_operator2": "equal",
                "condition_value2": null,
                "label_block": false,
                "tabname": "",
                "default_value": "#373131",
                "selector": "",
                "selector_value": "",
                "show_more_selectors": false,
                "selector2": "",
                "selector2_value": "",
                "selector3": "",
                "selector3_value": "",
                "__attr_catid__": "cat_style_9egfn6g1"
            },
            {
                "type": "uc_colorpicker",
                "title": "\u0417\u0430\u0433\u043e\u043b\u043e\u0432\u043a\u0438 \u0440\u0430\u0437\u0434\u0435\u043b\u043e\u0432",
                "name": "kwins_privacy_h2_color",
                "description": "",
                "enable_condition": false,
                "condition_attribute": null,
                "condition_operator": "equal",
                "condition_value": [],
                "condition_attribute2": null,
                "condition_operator2": "equal",
                "condition_value2": null,
                "label_block": false,
                "tabname": "",
                "default_value": "#0f0f0f",
                "selector": "",
                "selector_value": "",
                "show_more_selectors": false,
                "selector2": "",
                "selector2_value": "",
                "selector3": "",
                "selector3_value": "",
                "__attr_catid__": "cat_style_9egfn6g1"
            },
            {
                "type": "uc_colorpicker",
                "title": "\u0422\u0435\u043a\u0441\u0442",
                "name": "kwins_privacy_p_color",
                "description": "",
                "enable_condition": false,
                "condition_attribute": null,
                "condition_operator": "equal",
                "condition_value": [],
                "condition_attribute2": null,
                "condition_operator2": "equal",
                "condition_value2": null,
                "label_block": false,
                "tabname": "",
                "default_value": "#000000",
                "selector": "",
                "selector_value": "",
                "show_more_selectors": false,
                "selector2": "",
                "selector2_value": "",
                "selector3": "",
                "selector3_value": "",
                "__attr_catid__": "cat_style_9egfn6g1"
            }
        ],
        "params_items": [
            {
                "type": "uc_textfield",
                "title": "Title",
                "name": "title",
                "description": "",
                "default_value": "",
                "limited_edit": true
            }
        ],
        "includes": {
            "js": [],
            "jslib": [],
            "css": []
        },
        "variables_item": [],
        "variables_main": [],
        "params_cats": [
            {
                "id": "cat_general_general",
                "title": "\u041e\u0431\u0449\u0438\u0435",
                "tab": "content"
            },
            {
                "enable_condition": false,
                "condition_attribute": null,
                "condition_operator": "equal",
                "condition_value": [],
                "condition_attribute2": null,
                "condition_operator2": "equal",
                "condition_value2": null,
                "id": "cat_style_s47cqrum",
                "title": "\u0422\u0438\u043f\u043e\u0433\u0440\u0430\u0444\u0438\u043a\u0430",
                "tab": "style"
            },
            {
                "enable_condition": false,
                "condition_attribute": null,
                "condition_operator": "equal",
                "condition_value": [],
                "condition_attribute2": null,
                "condition_operator2": "equal",
                "condition_value2": null,
                "id": "cat_style_9egfn6g1",
                "title": "\u0426\u0432\u0435\u0442",
                "tab": "style"
            }
        ]
    },
    "templates": [
        "html",
        "css"
    ]
}